{"posX":22.09634017944336,"posY":66.22913360595703,"posZ":0.08803518861532211,"rotX":-0.010073965415358544,"rotY":0.057021234184503558,"rotZ":-0.0005523778963834047}