{"posX":26.576026916503908,"posY":58.11211013793945,"posZ":26.937271118164064,"rotX":-0.010180449113249779,"rotY":0.12424763292074204,"rotZ":-0.000558550120331347}