{"posX":24.890525817871095,"posY":58.910518646240237,"posZ":26.26296043395996,"rotX":-0.012869487516582013,"rotY":0.09701939672231674,"rotZ":-0.0006542329792864621}