{"posX":22.06171989440918,"posY":65.9966812133789,"posZ":0.2265215814113617,"rotX":-0.027788249775767328,"rotY":0.13865604996681214,"rotZ":-0.0020298012532293798}