{"posX":22.06378936767578,"posY":65.6759262084961,"posZ":0.257770836353302,"rotX":-0.027788249775767328,"rotY":0.13865604996681214,"rotZ":-0.0020298012532293798}