{"posX":22.06319808959961,"posY":65.76757049560547,"posZ":0.24884247779846192,"rotX":-0.027788249775767328,"rotY":0.13865604996681214,"rotZ":-0.0020298012532293798}