{"posX":26.087833404541017,"posY":58.353904724121097,"posZ":26.233665466308595,"rotX":-6.068718114258921e-27,"rotY":-0.9998782277107239,"rotZ":-4.647124511060571e-28}