{"posX":24.206085205078126,"posY":65.21427154541016,"posZ":0.7398163676261902,"rotX":-0.027788249775767328,"rotY":0.13865604996681214,"rotZ":-0.0020298012532293798}