{"posX":26.015146255493165,"posY":58.45661163330078,"posZ":27.129728317260743,"rotX":-0.027788249775767328,"rotY":0.13865604996681214,"rotZ":-0.0020298012532293798}