{"posX":26.01337242126465,"posY":58.7315673828125,"posZ":27.102949142456056,"rotX":-0.027788249775767328,"rotY":0.13865604996681214,"rotZ":-0.0020298012532293798}