{"posX":21.48615264892578,"posY":65.76985931396485,"posZ":0.40262147784233096,"rotX":-0.01244449708610773,"rotY":0.11412879824638367,"rotZ":-0.0006332237971946597}