{"posX":24.81797981262207,"posY":58.8286247253418,"posZ":26.16200828552246,"rotX":-0.014663669280707837,"rotY":0.10281871259212494,"rotZ":-0.0007581753307022154}