{"posX":26.124404907226564,"posY":58.644351959228519,"posZ":26.705652236938478,"rotX":-0.01025374885648489,"rotY":0.07952961325645447,"rotZ":-0.0005618294235318899}