{"posX":25.950429916381837,"posY":58.02068328857422,"posZ":28.39969253540039,"rotX":-0.027788249775767328,"rotY":0.13865604996681214,"rotZ":-0.0020298012532293798}