{"posX":59.1955451965332,"posY":49.11402893066406,"posZ":70.04269409179688,"rotX":-2.099367325287317e-24,"rotY":-0.9997377395629883,"rotZ":-2.7673154273491587e-25}
