{"posX":22.061424255371095,"posY":66.0425033569336,"posZ":0.22205740213394166,"rotX":-0.027788249775767328,"rotY":0.13865604996681214,"rotZ":-0.0020298012532293798}