{"posX":21.67568588256836,"posY":65.82025146484375,"posZ":-0.3374316096305847,"rotX":-0.0003413122904021293,"rotY":-0.23963022232055665,"rotZ":-0.00003087030563619919}