{"posX":26.343006134033204,"posY":58.2498893737793,"posZ":26.52439308166504,"rotX":-0.009795445948839188,"rotY":0.1071140468120575,"rotZ":-0.0005465655704028904}