{"posX":26.557931900024415,"posY":58.120582580566409,"posZ":26.87621307373047,"rotX":-0.000974514230620116,"rotY":0.3360782265663147,"rotZ":-0.0000966123552643694}